poc_network,poc,poc_name,network,network_name,transpower_customer,DG_flag,transmission_region,tpm_region,tpm_region_new,network_reporting_region
ABY0111_ALPE,ABY0111,ALBURY,ALPE,Alpine Energy,Alpine Energy,DG,South Canterbury,LSI,USI,South Canterbury (Alpine Energy)
ADD0111_ORON,ADD0111,ADDINGTON,ORON,Orion New Zealand Limited,Orion,DG,Canterbury,USI,USI,Central Canterbury (Orion New Zealand)
ADD0661_ORON,ADD0661,ADDINGTON,ORON,Orion New Zealand Limited,Orion,DG,Canterbury,USI,USI,Central Canterbury (Orion New Zealand)
AKL0331_AIAL,AKL0331,AUCKLAND AIRPORT,AIAL,Auckland International Airport Limited,Vector,DG,Auckland,UNI,UNI,Auckland (Vector)
ALB0331_UNET,ALB0331,ALBANY,UNET,United Networks,Vector,DG,North Isthmus,UNI,UNI,Waitemata (Vector)
ALB1101_UNET,ALB1101,ALBANY,UNET,United Networks,Vector,DG,North Isthmus,UNI,UNI,Waitemata (Vector)
APS0111_ORON,APS0111,ARTHURS PASS,ORON,Orion New Zealand Limited,Orion,DG,West Coast,USI,USI,Central Canterbury (Orion New Zealand)
ARA2201_MRPL,ARA2201,ARATIATIA,MRPL,Mercury NZ Limited,Mercury,Grid Con,Waikato,CNI,LNI,Taupo (Unison Networks)
ARG1101_TRUS,ARG1101,ARGYLE,TRUS,TrustPower Limited,TrustPower,Grid Con,Nelson/Marlborough,USI,USI,Marlborough (Marlborough Lines)
ARI1101_MRPL,ARI1101,ARAPUNI,MRPL,Mercury NZ Limited,Mercury,Grid Con,Waikato,CNI,LNI,Thames Valley (Powerco)
ARI1102_MRPL,ARI1102,Arapuni,MRPL,Mercury NZ Limited,Mercury,Grid Con,Waikato,CNI,LNI,Thames Valley (Powerco)
ASB0331_EASH,ASB0331,ASHBURTON,EASH,Electricity Ashburton Limited (EA Networks),Electricity Ashburton,DG,Canterbury,USI,USI,Ashburton (Electricity Ashburton)
ASB0661_EASH,ASB0661,ASHBURTON,EASH,Electricity Ashburton Limited (EA Networks),Electricity Ashburton,DG,Canterbury,USI,USI,Ashburton (Electricity Ashburton)
ASY0111_MPAS,ASY0111,ASHLEY,MPAS,MainPower New Zealand Limited (Grid Owner),MainPower,DG,Canterbury,USI,USI,North Canterbury (MainPower NZ)
ASY0111_MPOW,ASY0111,ASHLEY,MPOW,MainPower New Zealand Limited,MainPower,DG,Canterbury,USI,USI,North Canterbury (MainPower NZ)
ATI2201_MRPL,ATI2201,ATIAMURI,MRPL,Mercury NZ Limited,Mercury,Grid Con,Waikato,CNI,LNI,King Country (The Lines Company)
ATU1101_WPOW,ATU1101,ATARAU,WPOW,Westpower Limited,Westpower,DG,West Coast,USI,USI,West Coast (Westpower)
AVI2201_MERI,AVI2201,AVIEMORE,MERI,Meridian Energy Limited,Meridian,Grid Con,South Canterbury,LSI,LSI,Waitaki (Network Waitaki)
BAL0331_OTPO,BAL0331,BALCLUTHA,OTPO,OtagoNet Joint Venture ,OtagoNet JV,DG,Otago/Southland,LSI,LSI,Otago (OtagoNet JV)
BDE0111_RAYN,BDE0111,BRYDONE,RAYN,Rayonier Limited,Daiken Southland,DG,Otago/Southland,LSI,LSI,Southland (The Power Company)
BDE0111_SOLE,BDE0111,BRYDONE,SOLE,Solid Energy New Zealand Limited,Resolution Dev,DG,Otago/Southland,LSI,LSI,Southland (The Power Company)
BEN2202_MERI,BEN2202,BENMORE,MERI,Meridian Energy Limited,Meridian,Grid Con,South Canterbury,LSI,LSI,Waitaki (Network Waitaki)
BLN0331_MARL,BLN0331,BLENHEIM,MARL,Marlborough Lines Limited,Marlborough Lines,DG,Nelson/Marlborough,USI,USI,Marlborough (Marlborough Lines)
BOB0331_COUP,BOB0331,BOMBAY,COUP,Counties Power  Limited ,Counties Power,DG,Auckland,UNI,UNI,Counties (Counties Power)
BOB1101_COUP,BOB1101,BOMBAY,COUP,Counties Power  Limited ,Counties Power,DG,Auckland,UNI,UNI,Counties (Counties Power)
BPD1101_ALPE,BPD1101,Bells Pond,ALPE,Alpine Energy,Alpine Energy,DG,Otago/Southland,LSI,LSI,South Canterbury (Alpine Energy)
BPE0331_POCO,BPE0331,BUNNYTHORPE,POCO,Powerco Limited,Powerco,DG,Central,LNI,LNI,Manawatu (Powerco)
BPE0551_NZRN,BPE0551,BUNNYTHORPE,NZRN,New Zealand Rail,New Zealand Rail,DG,Central,LNI,LNI,Manawatu (Powerco)
BPT1101_WATA,BPT1101,BLACKPOINT,WATA,Network Waitaki Limited,Network Waitaki,DG,South Canterbury,LSI,LSI,Waitaki (Network Waitaki)
BRB0331_NPOW,BRB0331,BREAM BAY,NPOW,Northpower Limited,Northpower,DG,North Isthmus,UNI,UNI,Whangarei and Kaipara (Northpower)
BRK0331_POCO,BRK0331,BRUNSWICK,POCO,Powerco Limited,Powerco,DG,Central,LNI,LNI,Wanganui (Powerco)
BRY0661_ORON,BRY0661,BROMLEY,ORON,Orion New Zealand Limited,Orion,DG,Canterbury,USI,USI,Central Canterbury (Orion New Zealand)
BWK1101_TRUS,BWK1101,BERWICK,TRUS,TrustPower Limited,Aurora Energy,DG,Otago/Southland,LSI,LSI,Dunedin (Aurora Energy)
CBG0111_WAIP,CBG0111,CAMBRIDGE,WAIP,Waipa Networks,Waipa Networks,DG,Waikato,CNI,LNI,Waipa (Waipa Networks)
CFM0011_CBRE,CFM0011,FMG House,CBRE,CB Richard Ellis,Powerco,DG,Central,LNI,LNI,Manawatu (Powerco)
CIA0041_CIAL,CIA0041,CHRISTCHURCH INTL AIRPORT,CIAL,Christchurch International Airport,Orion,DG,Canterbury,USI,USI,Central Canterbury (Orion New Zealand)
CIA0111_CIAL,CIA0111,CHRISTCHURCH INTL AIRPORT,CIAL,Christchurch International Airport,Orion,DG,Canterbury,USI,USI,Central Canterbury (Orion New Zealand)
CIA0112_CIAL,CIA0112,CHRISTCHURCH INTL AIRPORT,CIAL,Christchurch International Airport,Orion,DG,Canterbury,USI,USI,Central Canterbury (Orion New Zealand)
CLH0111_ORON,CLH0111,CASTLE HILL,ORON,Orion New Zealand Limited,Orion,DG,West Coast,USI,USI,Central Canterbury (Orion New Zealand)
CML0331_DUNE,CML0331,CROMWELL,DUNE,Aurora Energy Limited,Aurora Energy,DG,Otago/Southland,LSI,LSI,Central Otago (Aurora Energy)
COB0661_TRUS,COB0661,COBB,TRUS,TrustPower Limited,Network Tasman,DG,Nelson/Marlborough,USI,USI,Tasman (Network Tasman)
COL0111_ORON,COL0111,COLERIDGE,ORON,Orion New Zealand Limited,Orion,DG,Canterbury,USI,USI,Central Canterbury (Orion New Zealand)
COL0661_TRUS,COL0661,COLERIDGE,TRUS,TrustPower Limited,TrustPower,Grid Con,Canterbury,USI,USI,Central Canterbury (Orion New Zealand)
CPK0111_CKHK,CPK0111,Central Park,CKHK,Wellington Electricity Lines Limited,Wellington Electricity,DG,Wellington,LNI,LNI,Wellington (Wellington Electricity)
CPK0331_CKHK,CPK0331,Central Park,CKHK,Wellington Electricity Lines Limited,Wellington Electricity,DG,Wellington,LNI,LNI,Wellington (Wellington Electricity)
CST0331_POCO,CST0331,CARRINGTON ST,POCO,Powerco Limited,Powerco,DG,Taranaki,LNI,LNI,Taranaki (Powerco)
CUL0331_MPOW,CUL0331,CULVERDEN,MPOW,MainPower New Zealand Limited,MainPower,DG,Canterbury,USI,USI,North Canterbury (MainPower NZ)
CUL0661_MPOW,CUL0661,Culverden,MPOW,MainPower New Zealand Limited,MainPower,DG,Canterbury,USI,USI,North Canterbury (MainPower NZ)
CYD0331_CTCT,CYD0331,CLYDE,CTCT,Contact Energy,Contact Energy,DG,Otago/Southland,LSI,LSI,Central Otago (Aurora Energy)
CYD0331_DUNE,CYD0331,CLYDE,DUNE,Aurora Energy Limited,Aurora Energy,DG,Otago/Southland,LSI,LSI,Central Otago (Aurora Energy)
CYD2201_CTCT,CYD2201,CLYDE,CTCT,Contact Energy,Contact Energy,Grid Con,Otago/Southland,LSI,LSI,Central Otago (Aurora Energy)
DOB0331_WPOW,DOB0331,DOBSON,WPOW,Westpower Limited,Westpower,DG,West Coast,USI,USI,West Coast (Westpower)
DTT0011_DMFL,DTT0011,22 THE TERRACE WELLINGTON,DMFL,Stride Investment Management Limited (was DNZ Property Fund Limited),Wellington Electricity,DG,Wellington,LNI,LNI,Wellington (Wellington Electricity)
DVK0111_SCAN,DVK0111,DANNEVIRKE,SCAN,Scanpower Limited,Scanpower,DG,Central,LNI,LNI,Southern Hawke's Bay (Scanpower)
EDA0011_ESDP,EDA0011,Crombie Lockwood Building,ESDP,ESD Power Limited,Wellington Electricity,DG,Wellington,LNI,LNI,Wellington (Wellington Electricity)
EDG0331_HEDL,EDG0331,EDGECUMBE,HEDL,Horizon Energy Group (Horizon Networks),Horizon Energy,DG,BOP,CNI,LNI,Eastern Bay of Plenty (Horizon Energy)
EDN0331_TPCO,EDN0331,EDENDALE,TPCO,The Power Company Limited,The Power Company,DG,Otago/Southland,LSI,LSI,Southland (The Power Company)
EKV0011_EDCL,EKV0011,Kerikeri Retirement Village,EDCL,Kinetic Networks Limited,Top Energy,DG,North Isthmus,UNI,UNI,Bay of Islands (Top Energy)
EMB0011_ESDP,EMB0011,ESD BNZ TRUST MANNERS STREET,ESDP,ESD Power Limited,Wellington Electricity,DG,Wellington,LNI,LNI,Wellington (Wellington Electricity)
EMV0011_EDCL,EMV0011,Mayfair Retirement Village,EDCL,Kinetic Networks Limited,Vector,DG,North Isthmus,UNI,UNI,Waitemata (Vector)
ETC0011_ESDP,ETC0011,Telecom Central 72-80 Boulcott ,ESDP,ESD Power Limited,Wellington Electricity,DG,Wellington,LNI,LNI,Wellington (Wellington Electricity)
EVA0011_ESDP,EVA0011,ESDP Sovereign House,ESDP,ESD Power Limited,Wellington Electricity,DG,Wellington,LNI,LNI,Wellington (Wellington Electricity)
FHL0331_HAWK,FHL0331,FERNHILL,HAWK,Unison Networks Limited,Unison Networks,DG,Hawke's Bay,CNI,LNI,Hawke's Bay (Unison Networks)
FKN0331_DUNE,FKN0331,FRANKTON,DUNE,Aurora Energy Limited,Aurora Energy,DG,Otago/Southland,LSI,LSI,Queenstown (Aurora Energy)
FKN0331_LLNW,FKN0331,FRANKTON,LLNW,Lakeland Network,Electricity Southland,DG,Otago/Southland,LSI,LSI,Queenstown (Aurora Energy)
GFD0331_CKHK,GFD0331,Gracefield,CKHK,Wellington Electricity Lines Limited,Wellington Electricity,DG,Wellington,LNI,LNI,Wellington (Wellington Electricity)
GIS0501_EAST,GIS0501,GISBORNE,EAST,Eastland Network Limited,Eastland Network,DG,Hawke's Bay,CNI,LNI,Eastland (Eastland Network)
GLN0331_NZST,GLN0331,GLENBROOK,NZST,New Zealand Steel Limited,NZ Steel,DG,Auckland,UNI,UNI,Counties (Counties Power)
GLN0332_COUP,GLN0332,GLENBROOK,COUP,Counties Power  Limited ,Counties Power,DG,Auckland,UNI,UNI,Counties (Counties Power)
GLN0332_NZST,GLN0332,GLENBROOK,NZST,New Zealand Steel Limited,NZ Steel,DG,Auckland,UNI,UNI,Counties (Counties Power)
GOR0331_TPCO,GOR0331,GORE,TPCO,The Power Company Limited,The Power Company,DG,Otago/Southland,LSI,LSI,Southland (The Power Company)
GRE0111_TUIH,GRE0111,TUIHANA,TUIH,Tuihana Networks Limited,Powerco,DG,BOP,CNI,LNI,Tauranga (Powerco)
GYM0661_WPOW,GYM0661,GREYMOUTH,WPOW,Westpower Limited,Westpower,DG,West Coast,USI,USI,West Coast (Westpower)
GYT0331_POCO,GYT0331,GREYTOWN,POCO,Powerco Limited,Powerco,DG,Wellington,LNI,LNI,Wairarapa (Powerco)
HAM0111_WAIK,HAM0111,HAMILTON,WAIK,WEL Networks,WEL Networks,DG,Waikato,CNI,LNI,Waikato (WEL Networks)
HAM0331_WAIK,HAM0331,HAMILTON,WAIK,WEL Networks,WEL Networks,DG,Waikato,CNI,LNI,Waikato (WEL Networks)
HAM0551_NZRN,HAM0551,HAMILTON,NZRN,New Zealand Rail,New Zealand Rail,DG,Waikato,CNI,LNI,Waikato (WEL Networks)
HAY0111_CKHK,HAY0111,Haywards,CKHK,Wellington Electricity Lines Limited,Wellington Electricity,DG,Wellington,LNI,LNI,Wellington (Wellington Electricity)
HAY0331_CKHK,HAY0331,Haywards,CKHK,Wellington Electricity Lines Limited,Wellington Electricity,DG,Wellington,LNI,LNI,Wellington (Wellington Electricity)
HEN0331_UNET,HEN0331,HENDERSON,UNET,United Networks,Vector,DG,North Isthmus,UNI,UNI,Waitemata (Vector)
HEP0331_UNET,HEP0331,HEPBURN ROAD,UNET,United Networks,Vector,DG,North Isthmus,UNI,UNI,Waitemata (Vector)
HEP0331_VECT,HEP0331,HEPBURN ROAD,VECT,Vector Limited,Vector,DG,North Isthmus,UNI,UNI,Waitemata (Vector)
HER0111_DUNE,HER0111,HERITAGE ESTATE,DUNE,Aurora Energy Limited,Aurora Energy,DG,Otago/Southland,LSI,LSI,Southland (The Power Company)
HIN0331_POCO,HIN0331,HINUERA,POCO,Powerco Limited,Powerco,DG,Waikato,CNI,LNI,Thames Valley (Powerco)
HKK0661_WPOW,HKK0661,HOKITIKA,WPOW,Westpower Limited,Westpower,DG,West Coast,USI,USI,West Coast (Westpower)
HLY0331_WAIK,HLY0331,Huntly,WAIK,WEL Networks,WEL Networks,DG,Waikato,CNI,UNI,Waikato (WEL Networks)
HLY2201_GENE,HLY2201,HUNTLY,GENE,Genesis Power Limited,Genesis Power,Grid Con,Waikato,CNI,UNI,Waikato (WEL Networks)
HMB0111_WAIK,HMB0111,HALF MOON BAY,WAIK,WEL Networks,WEL Networks,DG,Auckland,UNI,UNI,Auckland (Vector)
HOB1101_VECT,HOB1101,HOBSON STREET,VECT,Vector Limited,Vector,DG,Auckland,UNI,UNI,Auckland (Vector)
HOR0331_ORON,HOR0331,HORORATA,ORON,Orion New Zealand Limited,Orion,DG,Canterbury,USI,USI,Central Canterbury (Orion New Zealand)
HOR0661_ORON,HOR0661,HORORATA,ORON,Orion New Zealand Limited,Orion,DG,Canterbury,USI,USI,Central Canterbury (Orion New Zealand)
HTI0331_LINE,HTI0331,HANGATIKI,LINE,The Lines Company,The Lines Company,DG,Waikato,CNI,LNI,King Country (The Lines Company)
HUI0331_POCO,HUI0331,HUIRANGI,POCO,Powerco Limited,Powerco,DG,Taranaki,LNI,LNI,Taranaki (Powerco)
HWA0331_POCO,HWA0331,HAWERA,POCO,Powerco Limited,Powerco,DG,Taranaki,LNI,LNI,Taranaki (Powerco)
HWA0332_KUPE,HWA0332,KUPE GAS FIELD,KUPE,Kupe,B.E.R. (Kupe) Ltd,DG,Taranaki,LNI,LNI,Taranaki (Powerco)
HWA1101_MERI,HWA1101,HAWERA,MERI,Meridian Energy Limited,Whareroa Cogen. Ltd,DG,Taranaki,LNI,LNI,Taranaki (Powerco)
HWA1101_TODD,HWA1101,HAWERA,TODD,Nova Energy Limited (was Todd Energy Limited ),Whareroa Cogen. Ltd,DG,Taranaki,LNI,LNI,Taranaki (Powerco)
HWA1101_TRUS,HWA1101,HAWERA,TRUS,TrustPower Limited,TrustPower,DG,Taranaki,LNI,LNI,Taranaki (Powerco)
HWA1102_MERI,HWA1102,HAWERA,MERI,Meridian Energy Limited,Whareroa Cogen. Ltd,DG,Taranaki,LNI,LNI,Taranaki (Powerco)
HWA1102_TODD,HWA1102,HAWERA,TODD,Nova Energy Limited (was Todd Energy Limited ),Whareroa Cogen. Ltd,Grid Con,Taranaki,LNI,LNI,Taranaki (Powerco)
HWB0331_DUNE,HWB0331,HALFWAY BUSH,DUNE,Aurora Energy Limited,Aurora Energy,DG,Otago/Southland,LSI,LSI,Dunedin (Aurora Energy)
HWB0331_OTPO,HWB0331,HALFWAY BUSH,OTPO,OtagoNet Joint Venture ,OtagoNet JV,DG,Otago/Southland,LSI,LSI,Dunedin (Aurora Energy)
HWB0332_DUNE,HWB0332,HALFWAY BUSH,DUNE,Aurora Energy Limited,Aurora Energy,DG,Otago/Southland,LSI,LSI,Dunedin (Aurora Energy)
HWB1101_OTPO,HWB1101,HALF WAY BUSH,OTPO,OtagoNet Joint Venture ,OtagoNet JV,DG,Otago/Southland,LSI,LSI,Otago (OtagoNet JV)
INV0331_ELIN,INV0331,INVERCARGILL,ELIN,Electricity Invercargill Limited,Electricity Invercargill,DG,Otago/Southland,LSI,LSI,Invercargill (Electricity Invercargill)
INV0331_TPCO,INV0331,INVERCARGILL,TPCO,The Power Company Limited,Electricity Invercargill,DG,Otago/Southland,LSI,LSI,Invercargill (Electricity Invercargill)
ISL0331_ORON,ISL0331,ISLINGTON,ORON,Orion New Zealand Limited,Orion,DG,Canterbury,USI,USI,Central Canterbury (Orion New Zealand)
ISL0661_ORON,ISL0661,ISLINGTON,ORON,Orion New Zealand Limited,Orion,DG,Canterbury,USI,USI,Central Canterbury (Orion New Zealand)
JEF0111_WAIK,JEF0111,JEFFS ROAD,WAIK,WEL Networks,WEL Networks,DG,Auckland,UNI,UNI,Auckland (Vector)
KAI0111_MPOW,KAI0111,KAIAPOI,MPOW,MainPower New Zealand Limited,MainPower,DG,Canterbury,USI,USI,North Canterbury (MainPower NZ)
KAW0111_HEDL,KAW0111,KAWERAU,HEDL,Horizon Energy Group (Horizon Networks),Horizon Energy,DG,BOP,CNI,LNI,Eastern Bay of Plenty (Horizon Energy)
KAW0112_SKOG,KAW0112,KAWERAU,SKOG,Norske Skog Tasman Limited,Norske Skog,DG,BOP,CNI,LNI,Eastern Bay of Plenty (Horizon Energy)
KAW0113_SKOG,KAW0113,KAWERAU,SKOG,Norske Skog Tasman Limited,Norske Skog,DG,BOP,CNI,LNI,Eastern Bay of Plenty (Horizon Energy)
KAW1101_KRGL,KAW1101,KAWERAU GEOTHERMAL,KRGL,Kawerau Geothermal Limited,Norske Skog,DG,BOP,CNI,LNI,Eastern Bay of Plenty (Horizon Energy)
KBY0661_ORON,KBY0661,KIMBERLEY,ORON,Orion New Zealand Limited,Orion,DG,Canterbury,USI,USI,Central Canterbury (Orion New Zealand)
KBY0662_ORON,KBY0662,KIMBERLEY,ORON,Orion New Zealand Limited,Orion,DG,Canterbury,USI,USI,Central Canterbury (Orion New Zealand)
KEN0331_NPOW,KEN0331,KENSINGTON,NPOW,Northpower Limited,Northpower,DG,North Isthmus,UNI,UNI,Whangarei and Kaipara (Northpower)
KFA0111_VMOL,KFA0111,21 Pitt Street,VMOL,ViewMount Orchards Limited,Vector,DG,Auckland,UNI,UNI,Auckland (Vector)
KIK0111_TASM,KIK0111,KIKIWA,TASM,Network Tasman Limited,Network Tasman,DG,Nelson/Marlborough,USI,USI,Tasman (Network Tasman)
KIN0111_POCO,KIN0111,KINLEITH,POCO,Powerco Limited,Powerco,DG,Waikato,CNI,LNI,Thames Valley (Powerco)
KIN0112_POCO,KIN0112,KINLEITH,POCO,Powerco Limited,Powerco,DG,Waikato,CNI,LNI,Thames Valley (Powerco)
KIN0113_POCO,KIN0113,Kinleith,POCO,Powerco Limited,Powerco,DG,Waikato,CNI,LNI,Thames Valley (Powerco)
KIN0331_POCO,KIN0331,KINLEITH,POCO,Powerco Limited,Powerco,DG,Waikato,CNI,LNI,Thames Valley (Powerco)
KIR0111_WAIK,KIR0111,KIRKDALE,WAIK,WEL Networks,WEL Networks,DG,Auckland,UNI,UNI,Auckland (Vector)
KMO0331_POCO,KMO0331,Kaitemako,POCO,Powerco Limited,Powerco,DG,BOP,CNI,LNI,Tauranga (Powerco)
KOE1101_TOPE,KOE1101,Kaikohe,TOPE,Top Energy Limited,Top Energy,DG,North Isthmus,UNI,UNI,Bay of Islands (Top Energy)
KPA1101_KAPE,KPA1101,KAPONGA,KAPE,Kapuni Energy Limited,Nova,Grid Con,Taranaki,LNI,LNI,Taranaki (Powerco)
KPO1101_MRPL,KPO1101,KARAPIRO,MRPL,Mercury NZ Limited,Mercury,Grid Con,BOP,CNI,LNI,Thames Valley (Powerco)
KPU0661_POCO,KPU0661,KOPU,POCO,Powerco Limited,Powerco,DG,Waikato,CNI,LNI,Thames Valley (Powerco)
KRA0111_KIPT,KRA0111,KIWI ROYAL SUN ALLIANCE CENTRE,KIPT,Kiwi Income Properties Trust,Vector,DG,Auckland,UNI,UNI,Auckland (Vector)
KUM0661_WPOW,KUM0661,KUMARA,WPOW,Westpower Limited,Westpower,DG,West Coast,USI,USI,West Coast (Westpower)
KWA0111_CKHK,KWA0111,Kaiwharawhara,CKHK,Wellington Electricity Lines Limited,Wellington Electricity,DG,Wellington,LNI,LNI,Wellington (Wellington Electricity)
LFD1101_VECT,LFD1101,LICHFIELD,VECT,Vector Limited,Vector,DG,Waikato,CNI,LNI,Thames Valley (Powerco)
LFD1102_VECT,LFD1102,LICHFIELD,VECT,Vector Limited,Vector,DG,Waikato,CNI,LNI,Thames Valley (Powerco)
LTN0331_POCO,LTN0331,LINTON,POCO,Powerco Limited,Powerco,DG,Central,LNI,LNI,Manawatu (Powerco)
MAN2201_MERI,MAN2201,MANAPOURI,MERI,Meridian Energy Limited,Meridian,Grid Con,Otago/Southland,LSI,LSI,Southland (The Power Company)
MAT1101_BOPD,MAT1101,MATAHINA,BOPD,Nova Energy Limited (was Bay of Plenty Energy),Southern Generation,Grid Con,BOP,CNI,LNI,Eastern Bay of Plenty (Horizon Energy)
MAT1101_TRUS,MAT1101,MATAHINA,TRUS,TrustPower Limited,TrustPower,Grid Con,BOP,CNI,LNI,Eastern Bay of Plenty (Horizon Energy)
MCH0111_TASM,MCH0111,MURCHISON,TASM,Network Tasman Limited,Network Tasman,DG,West Coast,USI,USI,Tasman (Network Tasman)
MEP0111_TIKL,MEP0111,Mokai Energy Park,TIKL,Tuaropaki Kaitiaki Limited,The Lines Company,DG,Waikato,CNI,LNI,King Country (The Lines Company)
MER0331_WAIK,MER0331,MEREMERE,WAIK,WEL Networks,WEL Networks,DG,Auckland,CNI,UNI,Waikato (WEL Networks)
MGM0331_POCO,MGM0331,MANGAMAIRE,POCO,Powerco Limited,Powerco,DG,Central,LNI,LNI,Manawatu (Powerco)
MHO0331_ELEC,MHO0331,MANGAHAO,ELEC,Electra Limited,Electra,Grid Con,Central,LNI,LNI,Kapiti and Horowhenua (Electra)
MKE1101_TODD,MKE1101,McKee,TODD,Nova Energy Limited (was Todd Energy Limited ),Todd Gen. Taranaki,Grid Con,Taranaki,LNI,LNI,Taranaki (Powerco)
MLG0111_CKHK,MLG0111,Melling,CKHK,Wellington Electricity Lines Limited,Wellington Electricity,DG,Wellington,LNI,LNI,Wellington (Wellington Electricity)
MLG0331_CKHK,MLG0331,Melling,CKHK,Wellington Electricity Lines Limited,Wellington Electricity,DG,Wellington,LNI,LNI,Wellington (Wellington Electricity)
MLN0661_ORON,MLN0661,MIDDLETON,ORON,Orion New Zealand Limited,Orion,DG,Canterbury,USI,USI,Central Canterbury (Orion New Zealand)
MLN0664_ORON,MLN0664,MIDDLETON,ORON,Orion New Zealand Limited,Orion,DG,Canterbury,USI,USI,Central Canterbury (Orion New Zealand)
MMT0111_MOPO,MMT0111,MANUKA TERRACE,MOPO,Mountain Power Limited,Alpine Energy,DG,South Canterbury,LSI,LSI,South Canterbury (Alpine Energy)
MNG0331_VECT,MNG0331,MANGERE,VECT,Vector Limited,Vector,DG,Auckland,UNI,UNI,Auckland (Vector)
MNG1101_VECT,MNG1101,MANGERE,VECT,Vector Limited,Vector,DG,Auckland,UNI,UNI,Auckland (Vector)
MNI0111_METH,MNI0111,METHANEX,METH,Methanex,Methanex,DG,Taranaki,LNI,LNI,Taranaki (Powerco)
MOT0111_TASM,MOT0111,MOTUEKA,TASM,Network Tasman Limited,Network Tasman,DG,Nelson/Marlborough,USI,USI,Tasman (Network Tasman)
MPE1101_NPOW,MPE1101,MAUNGATAPERE,NPOW,Northpower Limited,Northpower,DG,North Isthmus,UNI,UNI,Whangarei and Kaipara (Northpower)
MPI0661_TASM,MPI0661,MOTUPIPI,TASM,Network Tasman Limited,Network Tasman,DG,Nelson/Marlborough,USI,USI,Tasman (Network Tasman)
MST0331_POCO,MST0331,MASTERTON,POCO,Powerco Limited,Powerco,DG,Wellington,LNI,LNI,Wairarapa (Powerco)
MTI2201_MRPL,MTI2201,MARAETAI,MRPL,Mercury NZ Limited,Mercury,Grid Con,Auckland,CNI,LNI,King Country (The Lines Company)
MTM0331_POCO,MTM0331,MT. MAUNGANUI,POCO,Powerco Limited,Powerco,DG,BOP,CNI,LNI,Tauranga (Powerco)
MTN0331_POCO,MTN0331,MARTON,POCO,Powerco Limited,Powerco,DG,Central,LNI,LNI,Wanganui (Powerco)
MTO0331_NPOW,MTO0331,MAUNGATUROTO,NPOW,Northpower Limited,Northpower,DG,North Isthmus,UNI,UNI,Whangarei and Kaipara (Northpower)
MTR0331_POCO,MTR0331,MATAROA,POCO,Powerco Limited,Powerco,DG,Central,LNI,LNI,Wanganui (Powerco)
MXQ0111_SABL,MXQ0111,80 Queen Street,SABL,Sabina Limited,Vector,DG,Auckland,UNI,UNI,Auckland (Vector)
NAP2201_NAPJ,NAP2201,Nga Awa Purua,NAPJ,Nga Awa Purua JV,Nga Awa Purua JV,Grid Con,Waikato,CNI,LNI,Taupo (Unison Networks)
NAP2202_MRPL,NAP2202,NGATAMARIKI,MRPL,Mercury NZ Limited,Ngatamariki Geothermal,Grid Con,Waikato,CNI,LNI,Taupo (Unison Networks)
NMA0331_TPCO,NMA0331,NTH MAKAREWA,TPCO,The Power Company Limited,The Power Company,DG,Otago/Southland,LSI,LSI,Southland (The Power Company)
NPK0331_LINE,NPK0331,NATIONAL PARK,LINE,The Lines Company,The Lines Company,DG,Central,CNI,LNI,King Country (The Lines Company)
NPL0331_POCO,NPL0331,New Plymouth,POCO,Powerco Limited,Powerco,DG,Taranaki,LNI,LNI,Taranaki (Powerco)
NPL0331_PTNP,NPL0331,New Plymouth,PTNP,Port Taranaki Limited,Port Taranaki,DG,Taranaki,LNI,LNI,Taranaki (Powerco)
NPP0011_NZAL,NPP0011,Prime Property Tower,NZAL,New Zealand Airways Limited,Wellington Electricity,DG,Wellington,LNI,LNI,Wellington (Wellington Electricity)
NSY0331_OTPO,NSY0331,NASEBY,OTPO,OtagoNet Joint Venture ,OtagoNet JV,DG,Otago/Southland,LSI,LSI,Otago (OtagoNet JV)
OAM0331_WATA,OAM0331,OAMARU,WATA,Network Waitaki Limited,Network Waitaki,DG,Otago/Southland,LSI,LSI,Waitaki (Network Waitaki)
OHA2201_MERI,OHA2201,OHAU A,MERI,Meridian Energy Limited,Meridian,Grid Con,South Canterbury,LSI,LSI,South Canterbury (Alpine Energy)
OHB2201_MERI,OHB2201,OHAU B,MERI,Meridian Energy Limited,Meridian,Grid Con,South Canterbury,LSI,LSI,Waitaki (Network Waitaki)
OHC2201_MERI,OHC2201,OHAU C,MERI,Meridian Energy Limited,Meridian,Grid Con,South Canterbury,LSI,LSI,Waitaki (Network Waitaki)
OHK2201_MRPL,OHK2201,OHAKURI,MRPL,Mercury NZ Limited,Mercury,Grid Con,Waikato,CNI,LNI,Rotorua (Unison Networks)
OKI2201_CTCT,OKI2201,OHAAKI,CTCT,Contact Energy,Contact Energy,Grid Con,Waikato,CNI,LNI,Rotorua (Unison Networks)
OKN0111_LINE,OKN0111,OHAKUNE,LINE,The Lines Company,The Lines Company,DG,Central,CNI,LNI,King Country (The Lines Company)
OKN0111_POCO,OKN0111,OHAKUNE,POCO,Powerco Limited,Powerco,DG,Central,CNI,LNI,King Country (The Lines Company)
ONG0331_LINE,ONG0331,ONGARUE,LINE,The Lines Company,The Lines Company,DG,Central,CNI,LNI,King Country (The Lines Company)
OPK0331_POCO,OPK0331,OPUNAKE,POCO,Powerco Limited,Powerco,DG,Taranaki,LNI,LNI,Taranaki (Powerco)
ORO1101_BUEL,ORO1101,OROWAITI,BUEL,Buller Electricity Limited,Buller Electricity,DG,West Coast,USI,USI,Buller (Buller Electricity)
ORO1102_BUEL,ORO1102,OROWAITI,BUEL,Buller Electricity Limited,Buller Electricity,DG,West Coast,USI,USI,Buller (Buller Electricity)
OTA0221_CTCT,OTA0221,OTAHUHU,CTCT,Contact Energy,Contact Energy,DG,Auckland,UNI,UNI,Auckland (Vector)
OTA0221_VECT,OTA0221,OTAHUHU,VECT,Vector Limited,Vector,DG,Auckland,UNI,UNI,Auckland (Vector)
OTA2202_CTCT,OTA2202,OTAHUHU,CTCT,Contact Energy,Contact Energy,Grid Con,Auckland,UNI,UNI,Auckland (Vector)
OTI0111_WPOW,OTI0111,OTIRA,WPOW,Westpower Limited,Westpower,DG,West Coast,USI,USI,West Coast (Westpower)
OWH0111_HAWK,OWH0111,OWHATA,HAWK,Unison Networks Limited,Unison Networks,DG,BOP,CNI,LNI,Rotorua (Unison Networks)
PAK0331_VECT,PAK0331,PAKURANGA,VECT,Vector Limited,Vector,DG,Auckland,UNI,UNI,Auckland (Vector)
PAO1101_POCO,PAO1101,PIAKO 110KV,POCO,Powerco Limited,Powerco,DG,Waikato,CNI,LNI,Thames Valley (Powerco)
PAZ0111_PPNZ,PAZ0111,ANZ CENTRE,PPNZ,Precinct Properties Holdings Limited ,Vector,DG,Auckland,UNI,UNI,Auckland (Vector)
PEN0221_VECT,PEN0221,PENROSE,VECT,Vector Limited,Vector,DG,Auckland,UNI,UNI,Auckland (Vector)
PEN0251_NZRN,PEN0251,Penrose,NZRN,New Zealand Rail,New Zealand Rail,DG,Auckland,UNI,UNI,Auckland (Vector)
PEN0331_SHPK,PEN0331,PENROSE,SHPK,Southpark Utilities Limited,Southpark Utilities,DG,Auckland,UNI,UNI,Auckland (Vector)
PEN0331_VECT,PEN0331,PENROSE,VECT,Vector Limited,Vector,DG,Auckland,UNI,UNI,Auckland (Vector)
PEN1101_VECT,PEN1101,PENROSE,VECT,Vector Limited,Vector,DG,Auckland,UNI,UNI,Auckland (Vector)
PNI0331_CKHK,PNI0331,Pauatahanui,CKHK,Wellington Electricity Lines Limited,Wellington Electricity,DG,Wellington,LNI,LNI,Wellington (Wellington Electricity)
PPI2201_CTCT,PPI2201,POIHIPI,CTCT,Contact Energy,Contact Energy,Grid Con,Waikato,CNI,LNI,Taupo (Unison Networks)
PRM0331_ELEC,PRM0331,PARAPARAUMU,ELEC,Electra Limited,Electra,DG,Wellington,LNI,LNI,Kapiti and Horowhenua (Electra)
RDF0331_HAWK,RDF0331,REDCLYFFE,HAWK,Unison Networks Limited,Unison Networks,DG,Hawke's Bay,CNI,LNI,Hawke's Bay (Unison Networks)
RFN1101_WPOW,RFN1101,REEFTON,WPOW,Westpower Limited,Westpower,DG,West Coast,USI,USI,West Coast (Westpower)
RFN1102_WPOW,RFN1102,REEFTON,WPOW,Westpower Limited,Westpower,DG,West Coast,USI,USI,West Coast (Westpower)
ROS0221_VECT,ROS0221,MT. ROSKILL,VECT,Vector Limited,Vector,DG,Auckland,UNI,UNI,Auckland (Vector)
ROS1101_VECT,ROS1101,MT. ROSKILL,VECT,Vector Limited,Vector,DG,Auckland,UNI,UNI,Auckland (Vector)
ROT0111_HAWK,ROT0111,ROTORUA,HAWK,Unison Networks Limited,Unison Networks,DG,BOP,CNI,LNI,Rotorua (Unison Networks)
ROT0331_HAWK,ROT0331,ROTORUA,HAWK,Unison Networks Limited,Unison Networks,DG,BOP,CNI,LNI,Rotorua (Unison Networks)
ROT1101_TRUS,ROT1101,ROTORUA,TRUS,TrustPower Limited,Unison Networks,DG,BOP,CNI,LNI,Rotorua (Unison Networks)
ROX1101_CTCT,ROX1101,ROXBURGH,CTCT,Contact Energy,Contact Energy,Grid Con,Otago/Southland,LSI,LSI,Central Otago (Aurora Energy)
ROX2201_CTCT,ROX2201,ROXBURGH,CTCT,Contact Energy,Contact Energy,Grid Con,Otago/Southland,LSI,LSI,Central Otago (Aurora Energy)
RPO2201_GENE,RPO2201,RANGIPO,GENE,Genesis Power Limited,Genesis Power,Grid Con,Waikato,CNI,LNI,King Country (The Lines Company)
RTB0011_RJEN,RTB0011,TELCO BUILDING,RJEN,Robt Jones Electricity Network Limited,Vector,DG,Auckland,UNI,UNI,Auckland (Vector)
RTB0011_TENC,RTB0011,TELCO BUILDING,TENC,The Embedded Network Company,Vector,DG,Auckland,UNI,UNI,Auckland (Vector)
SBK0331_MPOW,SBK0331,SOUTHBROOK,MPOW,MainPower New Zealand Limited,MainPower,DG,Canterbury,USI,USI,North Canterbury (MainPower NZ)
SBK0661_MPOW,SBK0661,SOUTHBROOK,MPOW,MainPower New Zealand Limited,MainPower,DG,Canterbury,USI,USI,North Canterbury (MainPower NZ)
SDN0331_DUNE,SDN0331,SOUTH DUNEDIN,DUNE,Aurora Energy Limited,Aurora Energy,DG,Otago/Southland,LSI,LSI,Dunedin (Aurora Energy)
SFD0331_POCO,SFD0331,STRATFORD,POCO,Powerco Limited,Powerco,DG,Taranaki,LNI,LNI,Taranaki (Powerco)
SFD2201_CTCT,SFD2201,STRATFORD,CTCT,Contact Energy,Contact Energy,Grid Con,Taranaki,LNI,LNI,Taranaki (Powerco)
SML0111_SMAL,SML0111,SMALES FARM,SMAL,Smales Farm (Northcote RD 1 holdings limited),Vector,DG,North Isthmus,UNI,UNI,Waitemata (Vector)
STG0111_WAIK,STG0111,SOUTHGATE,WAIK,WEL Networks,WEL Networks,DG,North Isthmus,UNI,UNI,Waitemata (Vector)
STK0331_NELS,STK0331,STOKE,NELS,Nelson Electricity,Nelson Electricity,DG,Nelson/Marlborough,USI,USI,Nelson (Nelson Electricity)
STK0331_TASM,STK0331,STOKE,TASM,Network Tasman Limited,Network Tasman,DG,Nelson/Marlborough,USI,USI,Nelson (Nelson Electricity)
STK0661_TASM,STK0661,STOKE,TASM,Network Tasman Limited,Network Tasman,DG,Nelson/Marlborough,USI,USI,Tasman (Network Tasman)
STL0011_BCST,STL0011,The Sentinel,BCST,Body Corporate 396711,Vector,DG,North Isthmus,UNI,UNI,Waitemata (Vector)
STU0111_ALPE,STU0111,STUDHOLME,ALPE,Alpine Energy,Alpine Energy,DG,Otago/Southland,LSI,LSI,South Canterbury (Alpine Energy)
SVL0331_UNET,SVL0331,SILVERDALE,UNET,United Networks,Vector,DG,North Isthmus,UNI,UNI,Waitemata (Vector)
SWN0251_NZRN,SWN0251,NZ Rail Southdown,NZRN,New Zealand Rail,New Zealand Rail,DG,NULL,UNI,UNI,Auckland (Vector)
SWN2201_MRPL,SWN2201,SOUTHDOWN,MRPL,Mercury NZ Limited,Southdown Generation,Grid Con,Auckland,UNI,UNI,Auckland (Vector)
TAK0331_VECT,TAK0331,TAKANINI,VECT,Vector Limited,Vector,DG,Auckland,UNI,UNI,Auckland (Vector)
TBC0011_TENC,TBC0011,BNZ CENTRE CHRISTCHURCH,TENC,The Embedded Network Company,Orion,DG,Canterbury,USI,USI,Central Canterbury (Orion New Zealand)
TBE0011_TENC,TBE0011,2-16 TAKU TAI SQUARE,TENC,The Embedded Network Company,Vector,DG,Auckland,UNI,UNI,Auckland (Vector)
TGA0111_POCO,TGA0111,TAURANGA,POCO,Powerco Limited,Powerco,DG,BOP,CNI,LNI,Tauranga (Powerco)
TGA0331_POCO,TGA0331,TAURANGA,POCO,Powerco Limited,Powerco,DG,BOP,CNI,LNI,Tauranga (Powerco)
TGB0011_TENC,TGB0011,96 St Georges Bay Road Auckland,TENC,The Embedded Network Company,Vector,DG,Auckland,UNI,UNI,Auckland (Vector)
THI2201_CTCT,THI2201,TE MIHI,CTCT,Contact Energy,Contact Energy,Grid Con,Waikato,CNI,LNI,Taupo (Unison Networks)
THP0012_TENC,THP0012,7 Hopetoun Street Auckland,TENC,The Embedded Network Company,Vector,DG,Auckland,UNI,UNI,Auckland (Vector)
TIM0111_ALPE,TIM0111,TIMARU,ALPE,Alpine Energy,Alpine Energy,DG,South Canterbury,LSI,USI,South Canterbury (Alpine Energy)
TKA0111_GENE,TKA0111,Tekapo A,GENE,Genesis Power Limited,Genesis Power,Grid Con,South Canterbury,LSI,USI,South Canterbury (Alpine Energy)
TKA0331_ALPE,TKA0331,TEKAPO A,ALPE,Alpine Energy,Alpine Energy,DG,South Canterbury,LSI,USI,South Canterbury (Alpine Energy)
TKB2201_GENE,TKB2201,Tekapo B,GENE,Genesis Power Limited,Genesis Power,Grid Con,South Canterbury,LSI,LSI,South Canterbury (Alpine Energy)
TKH0111_HEDL,TKH0111,TE KAHA,HEDL,Horizon Energy Group (Horizon Networks),Horizon Energy,DG,BOP,CNI,LNI,Eastern Bay of Plenty (Horizon Energy)
TKR0331_CKHK,TKR0331,Takapu Road,CKHK,Wellington Electricity Lines Limited,Wellington Electricity,DG,Wellington,LNI,LNI,Wellington (Wellington Electricity)
TKU0331_GENE,TKU0331,TOKAANU,GENE,Genesis Power Limited,Genesis Power,Grid Con,Central,CNI,LNI,King Country (The Lines Company)
TKU0331_LINE,TKU0331,TOKAANU,LINE,The Lines Company,The Lines Company,Grid Con,Central,CNI,LNI,King Country (The Lines Company)
TKU2201_GENE,TKU2201,TOKAANU,GENE,Genesis Power Limited,Genesis Power,Grid Con,Central,CNI,LNI,King Country (The Lines Company)
TMI0331_POCO,TMI0331,TE MATAI,POCO,Powerco Limited,Powerco,DG,BOP,CNI,LNI,Tauranga (Powerco)
TMK0331_ALPE,TMK0331,TEMUKA,ALPE,Alpine Energy,Alpine Energy,DG,South Canterbury,LSI,USI,South Canterbury (Alpine Energy)
TML0011_TENC,TML0011,1 MARKET LANE WELLINGTON,TENC,The Embedded Network Company,Wellington Electricity,DG,Wellington,LNI,LNI,Wellington (Wellington Electricity)
TMN0551_NZRN,TMN0551,TAUMARUNUI,NZRN,New Zealand Rail,New Zealand Rail,DG,Waikato,CNI,LNI,King Country (The Lines Company)
TMU0111_WAIP,TMU0111,TE AWAMUTU,WAIP,Waipa Networks,Waipa Networks,DG,Waikato,CNI,LNI,Waipa (Waipa Networks)
TNG0111_LINE,TNG0111,TANGIWAI,LINE,The Lines Company,The Lines Company,DG,Central,CNI,LNI,King Country (The Lines Company)
TNG0111_WNST,TNG0111,TANGIWAI,WNST,Winstone Pulp International,Winstone Pulp Int,DG,Central,CNI,LNI,King Country (The Lines Company)
TNG0551_NZRN,TNG0551,TANGIWAI,NZRN,New Zealand Rail,New Zealand Rail,DG,Central,CNI,LNI,King Country (The Lines Company)
TQW0011_TENC,TQW0011,CLYDE QUAY WHARF,TENC,The Embedded Network Company,Wellington Electricity,DG,Wellington,LNI,LNI,Wellington (Wellington Electricity)
TRK0111_HAWK,TRK0111,TARUKENGA,HAWK,Unison Networks Limited,Unison Networks,DG,BOP,CNI,LNI,Rotorua (Unison Networks)
TSA0011_TENC,TSA0011,46 Sales St Auckland,TENC,The Embedded Network Company,Vector,DG,Auckland,UNI,UNI,Auckland (Vector)
TTR0011_TENC,TTR0011,162 FLAT BUSH SCHOOL RD ,TENC,The Embedded Network Company,Vector,DG,Auckland,UNI,UNI,Auckland (Vector)
TUI0111_EAST,TUI0111,TUAI,EAST,Eastland Network Limited,Eastland Network,DG,Hawke's Bay,CNI,LNI,Eastland (Eastland Network)
TUI1101_EAST,TUI1101,TUIA FOR EAST,EAST,Eastland Network Limited,Eastland Network,DG,Hawke's Bay,CNI,LNI,Eastland (Eastland Network)
TUI1101_GENE,TUI1101,TUIA FOR EAST,GENE,Genesis Power Limited,Genesis Power,Grid Con,Hawke's Bay,CNI,LNI,Eastland (Eastland Network)
TWC2201_TRPG,TWC2201,NZ Windfarms,TRPG,TrustPower Limited,Tilt Renewables,Grid Con,Central,LNI,LNI,Manawatu (Powerco)
TWH0331_WAIK,TWH0331,TE KOWHAI,WAIK,WEL Networks,WEL Networks,DG,Waikato,CNI,LNI,Waikato (WEL Networks)
TWI2201_NZAS,TWI2201,TIWAI POINT,NZAS,New Zealand Aluminium Smelters Limited,NZAS,DG,Otago/Southland,LSI,LSI,Southland (The Power Company)
TWZ0331_ALPE,TWZ0331,TWIZEL,ALPE,Alpine Energy,Alpine Energy,DG,South Canterbury,LSI,LSI,South Canterbury (Alpine Energy)
TWZ0331_MERI,TWZ0331,TWIZEL,MERI,Meridian Energy Limited,Meridian,DG,South Canterbury,LSI,LSI,South Canterbury (Alpine Energy)
TWZ0331_WATA,TWZ0331,TWIZEL,WATA,Network Waitaki Limited,Network Waitaki,DG,South Canterbury,LSI,LSI,South Canterbury (Alpine Energy)
UHT0331_CKHK,UHT0331,Upper Hutt,CKHK,Wellington Electricity Lines Limited,Wellington Electricity,DG,Wellington,LNI,LNI,Wellington (Wellington Electricity)
WAI0111_HEDL,WAI0111,WAIOTAHI,HEDL,Horizon Energy Group (Horizon Networks),Horizon Energy,DG,BOP,CNI,LNI,Eastern Bay of Plenty (Horizon Energy)
WDT0011_PPHL,WDT0011,WESTFIELD DOWNTOWN,PPHL,Precinct Properties Holdings Limited ,Vector,DG,Auckland,UNI,UNI,Auckland (Vector)
WDV0111_SCAN,WDV0111,WOODVILLE,SCAN,Scanpower Limited,Scanpower,DG,Central,LNI,LNI,Southern Hawke's Bay (Scanpower)
WDV1101_MERI,WDV1101,WOODVILLE,MERI,Meridian Energy Limited,Meridian,Grid Con,Central,LNI,LNI,Southern Hawke's Bay (Scanpower)
WEL0331_UNET,WEL0331,WELLSFORD,UNET,United Networks,Vector,DG,North Isthmus,UNI,UNI,Waitemata (Vector)
WGA0111_MPOW,WGA0111,WIGRAM,MPOW,MainPower New Zealand Limited,MainPower,DG,Canterbury,USI,USI,Central Canterbury (Orion New Zealand)
WGN0331_POCO,WGN0331,WANGANUI,POCO,Powerco Limited,Powerco,DG,Central,LNI,LNI,Wanganui (Powerco)
WHI0111_CTCT,WHI0111,WHIRINAKI,CTCT,Contact Energy,Contact Energy,DG,Hawke's Bay,CNI,LNI,Hawke's Bay (Unison Networks)
WHI0111_PANP,WHI0111,WHIRINAKI,PANP,Pan Pacific Forest Industries Limited,Pan Pacific,DG,Hawke's Bay,CNI,LNI,Hawke's Bay (Unison Networks)
WHI2201_CTCT,WHI2201,WHIRINAKI,CTCT,Contact Energy,Contact Energy,Grid Con,Hawke's Bay,CNI,LNI,Hawke's Bay (Unison Networks)
WHU0331_POCO,WHU0331,WAIHOU,POCO,Powerco Limited,Powerco,DG,Waikato,CNI,LNI,Thames Valley (Powerco)
WIL0331_CKHK,WIL0331,Wilton,CKHK,Wellington Electricity Lines Limited,Wellington Electricity,DG,Wellington,LNI,LNI,Wellington (Wellington Electricity)
WIR0331_VECT,WIR0331,WIRI,VECT,Vector Limited,Vector,DG,Auckland,UNI,UNI,Auckland (Vector)
WKM2201_MRPL,WKM2201,WHAKAMARU,MRPL,Mercury NZ Limited,Mercury,Grid Con,Waikato,CNI,LNI,King Country (The Lines Company)
WKM2201_TUAR,WKM2201,WHAKAMARU,TUAR,Tuaropaki Power  Company Limited,Tuaropaki Power,Grid Con,Waikato,CNI,LNI,King Country (The Lines Company)
WKO0331_POCO,WKO0331,WAIKINO,POCO,Powerco Limited,Powerco,DG,Waikato,CNI,LNI,Thames Valley (Powerco)
WPA2201_MRPL,WPA2201,WAIPAPA,MRPL,Mercury NZ Limited,Mercury,Grid Con,Waikato,CNI,LNI,Waipa (Waipa Networks)
WPG0331_TRPG,WPG0331,WAIPORI GENERATION,TRPG,TrustPower Limited,Aurora Energy,DG,Otago/Southland,LSI,LSI,Dunedin (Aurora Energy)
WPR0331_MPOW,WPR0331,WAIPARA,MPOW,MainPower New Zealand Limited,MainPower,DG,Canterbury,USI,USI,North Canterbury (MainPower NZ)
WPR0661_MPOW,WPR0661,WAIPARA,MPOW,MainPower New Zealand Limited,MainPower,DG,Canterbury,USI,USI,North Canterbury (MainPower NZ)
WPT0111_BUEL,WPT0111,WESTPORT,BUEL,Buller Electricity Limited,Buller Electricity,DG,West Coast,USI,USI,Buller (Buller Electricity)
WPW0331_CHBP,WPW0331,WAIPAWA,CHBP,Central Hawkes Bay Power Limited,Centralines,DG,Central,LNI,LNI,Central Hawke's Bay (Centralines)
WRA0111_EAST,WRA0111,WAIROA,EAST,Eastland Network Limited,Eastland Network,DG,Hawke's Bay,CNI,LNI,Eastland (Eastland Network)
WRD0331_UNET,WRD0331,WAIRAU ROAD,UNET,United Networks,Vector,DG,North Isthmus,UNI,UNI,Waitemata (Vector)
WRK0331_HAWK,WRK0331,WAIRAKEI,HAWK,Unison Networks Limited,Unison Networks,DG,Waikato,CNI,LNI,Taupo (Unison Networks)
WRK2201_CTCT,WRK2201,WAIRAKEI,CTCT,Contact Energy,Contact Energy,Grid Con,Waikato,CNI,LNI,Taupo (Unison Networks)
WSL0111_WFNZ,WSL0111,WESTFIELD ST LUKES,WFNZ,Scentre Shopping Centre Management Limited,Vector,DG,Auckland,UNI,UNI,Auckland (Vector)
WTK0111_MERI,WTK0111,WAITAKI,MERI,Meridian Energy Limited,Meridian,Grid Con,Otago/Southland,LSI,LSI,Waitaki (Network Waitaki)
WTK0111_WATA,WTK0111,WAITAKI,WATA,Network Waitaki Limited,Network Waitaki,Grid Con,Otago/Southland,LSI,LSI,Waitaki (Network Waitaki)
WTK0331_WATA,WTK0331,WAITAKI,WATA,Network Waitaki Limited,Network Waitaki,DG,Otago/Southland,LSI,LSI,Waitaki (Network Waitaki)
WTU0331_HAWK,WTU0331,WHAKATU,HAWK,Unison Networks Limited,Unison Networks,DG,Hawke's Bay,CNI,LNI,Hawke's Bay (Unison Networks)
WVY0111_POCO,WVY0111,WAVERLEY,POCO,Powerco Limited,Powerco,DG,Taranaki,LNI,LNI,Wanganui (Powerco)
WWD1102_MERI,WWD1102,Westwind,MERI,Meridian Energy Limited,Meridian,Grid Con,Wellington,LNI,LNI,Wellington (Wellington Electricity)
WWD1103_MERI,WWD1103,Westwind,MERI,Meridian Energy Limited,Meridian,Grid Con,Wellington,LNI,LNI,Wellington (Wellington Electricity)
